StartTime,EndTime,NumSamples_1,RTT_VAR_1
1687694400,1687698000,42,1.2684487833914053
1687698000,1687701600,42,101.29857242276422