StartTime,EndTime,NumSamples_1,RTT_MIN_1,RTT_AVG_1,RTT_MAX_1,RTT_Q1_1,RTT_MEDIAN_1,RTT_Q3_1,NumSamples_3,RTT_MIN_3,RTT_AVG_3,RTT_MAX_3,RTT_Q1_3,RTT_MEDIAN_3,RTT_Q3_3,NumSamples_7,RTT_MIN_7,RTT_AVG_7,RTT_MAX_7,RTT_Q1_7,RTT_MEDIAN_7,RTT_Q3_7,NumSamples_9,RTT_MIN_9,RTT_AVG_9,RTT_MAX_9,RTT_Q1_9,RTT_MEDIAN_9,RTT_Q3_9,NumSamples_10,RTT_MIN_10,RTT_AVG_10,RTT_MAX_10,RTT_Q1_10,RTT_MEDIAN_10,RTT_Q3_10,NumSamples_12,RTT_MIN_12,RTT_AVG_12,RTT_MAX_12,RTT_Q1_12,RTT_MEDIAN_12,RTT_Q3_12,NumSamples_16,RTT_MIN_16,RTT_AVG_16,RTT_MAX_16,RTT_Q1_16,RTT_MEDIAN_16,RTT_Q3_16,NumSamples_17,RTT_MIN_17,RTT_AVG_17,RTT_MAX_17,RTT_Q1_17,RTT_MEDIAN_17,RTT_Q3_17,NumSamples_18,RTT_MIN_18,RTT_AVG_18,RTT_MAX_18,RTT_Q1_18,RTT_MEDIAN_18,RTT_Q3_18,NumSamples_21,RTT_MIN_21,RTT_AVG_21,RTT_MAX_21,RTT_Q1_21,RTT_MEDIAN_21,RTT_Q3_21
1626775200,1626776100,12,0.806,0.9393333333333332,1.129,0.895,0.9325000000000001,0.97575,12,1.0,1.2874999999999999,2.77,1.03775,1.1085,1.1824999999999999,12,1.429,2.0366666666666666,3.692,1.57925,1.649,2.03725,0,0,0,0,0,0,0,12,1.047,1.344,1.82,1.1975,1.2235,1.4125,12,1.788,1.9866666666666666,2.46,1.8745,1.923,2.004,12,1.272,1.45425,1.713,1.3175000000000001,1.461,1.544,12,0.811,1.0008333333333332,1.725,0.8414999999999999,0.9450000000000001,1.03775,0,0,0,0,0,0,0,12,0.791,0.9096666666666667,1.278,0.8345,0.8645,0.9504999999999999