StartTime,EndTime,NumSamples_1,RTT_MIN_1,RTT_AVG_1,RTT_MAX_1,RTT_Q1_1,RTT_MEDIAN_1,RTT_Q3_1,NumSamples_3,RTT_MIN_3,RTT_AVG_3,RTT_MAX_3,RTT_Q1_3,RTT_MEDIAN_3,RTT_Q3_3,NumSamples_7,RTT_MIN_7,RTT_AVG_7,RTT_MAX_7,RTT_Q1_7,RTT_MEDIAN_7,RTT_Q3_7,NumSamples_9,RTT_MIN_9,RTT_AVG_9,RTT_MAX_9,RTT_Q1_9,RTT_MEDIAN_9,RTT_Q3_9,NumSamples_10,RTT_MIN_10,RTT_AVG_10,RTT_MAX_10,RTT_Q1_10,RTT_MEDIAN_10,RTT_Q3_10,NumSamples_12,RTT_MIN_12,RTT_AVG_12,RTT_MAX_12,RTT_Q1_12,RTT_MEDIAN_12,RTT_Q3_12,NumSamples_16,RTT_MIN_16,RTT_AVG_16,RTT_MAX_16,RTT_Q1_16,RTT_MEDIAN_16,RTT_Q3_16,NumSamples_17,RTT_MIN_17,RTT_AVG_17,RTT_MAX_17,RTT_Q1_17,RTT_MEDIAN_17,RTT_Q3_17,NumSamples_18,RTT_MIN_18,RTT_AVG_18,RTT_MAX_18,RTT_Q1_18,RTT_MEDIAN_18,RTT_Q3_18,NumSamples_21,RTT_MIN_21,RTT_AVG_21,RTT_MAX_21,RTT_Q1_21,RTT_MEDIAN_21,RTT_Q3_21
1684576800,1684577700,9,2.15,2.270888888888889,2.415,2.191,2.299,2.323,12,0.775,2.26725,15.952,0.84375,0.9584999999999999,1.0465,0,0,0,0,0,0,0,9,0.735,0.9094444444444445,1.049,0.827,0.926,1.002,9,0.931,1.0697777777777777,1.21,1.04,1.083,1.119,12,3.291,3.4879999999999995,3.709,3.3925,3.485,3.556,9,3.874,3.994333333333333,4.162,3.922,3.991,4.064,12,0.449,0.6409999999999999,1.11,0.48124999999999996,0.591,0.6617500000000001,9,1.541,1.6182222222222222,1.711,1.597,1.63,1.645,9,0.563,0.7452222222222223,0.867,0.71,0.756,0.825