StartTime,EndTime,NumSamples_1,RTT_MIN_1,RTT_AVG_1,RTT_MAX_1,RTT_Q1_1,RTT_MEDIAN_1,RTT_Q3_1,NumSamples_3,RTT_MIN_3,RTT_AVG_3,RTT_MAX_3,RTT_Q1_3,RTT_MEDIAN_3,RTT_Q3_3,NumSamples_7,RTT_MIN_7,RTT_AVG_7,RTT_MAX_7,RTT_Q1_7,RTT_MEDIAN_7,RTT_Q3_7,NumSamples_9,RTT_MIN_9,RTT_AVG_9,RTT_MAX_9,RTT_Q1_9,RTT_MEDIAN_9,RTT_Q3_9,NumSamples_10,RTT_MIN_10,RTT_AVG_10,RTT_MAX_10,RTT_Q1_10,RTT_MEDIAN_10,RTT_Q3_10,NumSamples_12,RTT_MIN_12,RTT_AVG_12,RTT_MAX_12,RTT_Q1_12,RTT_MEDIAN_12,RTT_Q3_12,NumSamples_16,RTT_MIN_16,RTT_AVG_16,RTT_MAX_16,RTT_Q1_16,RTT_MEDIAN_16,RTT_Q3_16,NumSamples_17,RTT_MIN_17,RTT_AVG_17,RTT_MAX_17,RTT_Q1_17,RTT_MEDIAN_17,RTT_Q3_17,NumSamples_18,RTT_MIN_18,RTT_AVG_18,RTT_MAX_18,RTT_Q1_18,RTT_MEDIAN_18,RTT_Q3_18,NumSamples_21,RTT_MIN_21,RTT_AVG_21,RTT_MAX_21,RTT_Q1_21,RTT_MEDIAN_21,RTT_Q3_21
1624183200,1624184100,12,0.835,0.9831666666666666,1.318,0.87575,0.897,1.038,12,0.94,1.2029166666666666,1.448,1.04525,1.1869999999999998,1.3872499999999999,12,1.466,1.7060000000000002,2.714,1.543,1.593,1.69725,0,0,0,0,0,0,0,12,1.081,1.1934166666666666,1.311,1.128,1.2015,1.23325,12,4.602,4.914499999999999,6.177,4.723,4.760999999999999,4.92,12,0.984,1.1959166666666665,1.494,1.08075,1.157,1.2527499999999998,12,0.612,0.7348333333333333,0.986,0.66925,0.721,0.76825,0,0,0,0,0,0,0,12,0.75,0.8773333333333334,1.033,0.8282499999999999,0.8685,0.9155